label,culmen_length_mm,culmen_depth_mm,flipper_length_mm
0,43.87830188679246,19.11132075471698,194.76415094339623
1,45.563793103448276,14.237931034482758,212.70689655172413
2,40.217757009345796,17.61121495327103,189.0467289719626
3,49.47377049180328,15.718032786885246,221.54098360655738
